Hand 1 Prob,41400,100,Trips
Hand 1 Prob,41300,99.99,Trips
Hand 1 Prob,41200,99.965,Trips
Hand 1 Prob,41100,99.929,Trips
Hand 1 Prob,41000,99.902,Trips
Hand 1 Prob,40900,99.867,Trips
Hand 1 Prob,40800,99.822,Trips
Hand 1 Prob,40700,99.766,Trips
Hand 1 Prob,40600,99.693,Trips
Hand 1 Prob,40500,99.619,Trips
Hand 1 Prob,40400,99.528,Trips
Hand 1 Prob,40300,99.424,Trips
Hand 1 Prob,40200,99.292,Trips
Hand 1 Prob,21413,99.132,Pair
Hand 1 Prob,21412,98.623,Pair
Hand 1 Prob,21411,98.052,Pair
Hand 1 Prob,21410,97.587,Pair
Hand 1 Prob,21409,97.12,Pair
Hand 1 Prob,21408,96.649,Pair
Hand 1 Prob,21407,96.179,Pair
Hand 1 Prob,21406,95.708,Pair
Hand 1 Prob,21405,95.232,Pair
Hand 1 Prob,21404,94.725,Pair
Hand 1 Prob,21403,94.221,Pair
Hand 1 Prob,21402,93.676,Pair
Hand 1 Prob,21314,93.143,Pair
Hand 1 Prob,21312,92.636,Pair
Hand 1 Prob,21311,92.1,Pair
Hand 1 Prob,21310,91.54,Pair
Hand 1 Prob,21309,90.997,Pair
Hand 1 Prob,21308,90.393,Pair
Hand 1 Prob,21307,89.914,Pair
Hand 1 Prob,21306,89.379,Pair
Hand 1 Prob,21305,88.834,Pair
Hand 1 Prob,21304,88.362,Pair
Hand 1 Prob,21303,87.864,Pair
Hand 1 Prob,21302,87.316,Pair
Hand 1 Prob,21214,86.765,Pair
Hand 1 Prob,21213,86.265,Pair
Hand 1 Prob,21211,85.743,Pair
Hand 1 Prob,21210,85.218,Pair
Hand 1 Prob,21209,84.727,Pair
Hand 1 Prob,21208,84.222,Pair
Hand 1 Prob,21207,83.711,Pair
Hand 1 Prob,21206,83.191,Pair
Hand 1 Prob,21205,82.717,Pair
Hand 1 Prob,21204,82.23,Pair
Hand 1 Prob,21203,81.738,Pair
Hand 1 Prob,21202,81.243,Pair
Hand 1 Prob,21114,80.674,Pair
Hand 1 Prob,21113,80.216,Pair
Hand 1 Prob,21112,79.693,Pair
Hand 1 Prob,21110,79.19,Pair
Hand 1 Prob,21109,78.753,Pair
Hand 1 Prob,21108,78.247,Pair
Hand 1 Prob,21107,77.763,Pair
Hand 1 Prob,21106,77.323,Pair
Hand 1 Prob,21105,76.854,Pair
Hand 1 Prob,21104,76.424,Pair
Hand 1 Prob,21103,75.929,Pair
Hand 1 Prob,21102,75.431,Pair
Hand 1 Prob,21014,74.883,Pair
Hand 1 Prob,21013,74.484,Pair
Hand 1 Prob,21012,74.061,Pair
Hand 1 Prob,21011,73.627,Pair
Hand 1 Prob,21009,73.223,Pair
Hand 1 Prob,21008,72.792,Pair
Hand 1 Prob,21007,72.338,Pair
Hand 1 Prob,21006,71.933,Pair
Hand 1 Prob,21005,71.539,Pair
Hand 1 Prob,21004,71.095,Pair
Hand 1 Prob,21003,70.668,Pair
Hand 1 Prob,21002,70.226,Pair
Hand 1 Prob,20914,69.769,Pair
Hand 1 Prob,20913,69.386,Pair
Hand 1 Prob,20912,68.907,Pair
Hand 1 Prob,20911,68.461,Pair
Hand 1 Prob,20910,68.013,Pair
Hand 1 Prob,20908,67.613,Pair
Hand 1 Prob,20907,67.188,Pair
Hand 1 Prob,20906,66.761,Pair
Hand 1 Prob,20905,66.344,Pair
Hand 1 Prob,20904,65.93,Pair
Hand 1 Prob,20903,65.506,Pair
Hand 1 Prob,20902,65.048,Pair
Hand 1 Prob,20814,64.592,Pair
Hand 1 Prob,20813,64.215,Pair
Hand 1 Prob,20812,63.753,Pair
Hand 1 Prob,20811,63.372,Pair
Hand 1 Prob,20810,62.944,Pair
Hand 1 Prob,20809,62.536,Pair
Hand 1 Prob,20807,62.135,Pair
Hand 1 Prob,20806,61.763,Pair
Hand 1 Prob,20805,61.365,Pair
Hand 1 Prob,20804,60.999,Pair
Hand 1 Prob,20803,60.61,Pair
Hand 1 Prob,20802,60.207,Pair
Hand 1 Prob,20714,59.808,Pair
Hand 1 Prob,20713,59.505,Pair
Hand 1 Prob,20712,59.107,Pair
Hand 1 Prob,20711,58.739,Pair
Hand 1 Prob,20710,58.371,Pair
Hand 1 Prob,20709,57.987,Pair
Hand 1 Prob,20708,57.652,Pair
Hand 1 Prob,20706,57.289,Pair
Hand 1 Prob,20705,56.928,Pair
Hand 1 Prob,20704,56.58,Pair
Hand 1 Prob,20703,56.237,Pair
Hand 1 Prob,20702,55.861,Pair
Hand 1 Prob,20614,55.444,Pair
Hand 1 Prob,20613,55.203,Pair
Hand 1 Prob,20612,54.87,Pair
Hand 1 Prob,20611,54.532,Pair
Hand 1 Prob,20610,54.203,Pair
Hand 1 Prob,20609,53.891,Pair
Hand 1 Prob,20608,53.565,Pair
Hand 1 Prob,20607,53.232,Pair
Hand 1 Prob,20605,52.916,Pair
Hand 1 Prob,20604,52.632,Pair
Hand 1 Prob,20603,52.319,Pair
Hand 1 Prob,20602,51.999,Pair
Hand 1 Prob,20514,51.625,Pair
Hand 1 Prob,20513,51.389,Pair
Hand 1 Prob,20512,51.14,Pair
Hand 1 Prob,20511,50.903,Pair
Hand 1 Prob,20510,50.689,Pair
Hand 1 Prob,20509,50.446,Pair
Hand 1 Prob,20508,50.193,Pair
Hand 1 Prob,20507,49.904,Pair
Hand 1 Prob,20506,49.637,Pair
Hand 1 Prob,20504,49.386,Pair
Hand 1 Prob,20503,49.114,Pair
Hand 1 Prob,20502,48.852,Pair
Hand 1 Prob,20414,48.559,Pair
Hand 1 Prob,20413,48.344,Pair
Hand 1 Prob,20412,48.119,Pair
Hand 1 Prob,20411,47.879,Pair
Hand 1 Prob,20410,47.662,Pair
Hand 1 Prob,20409,47.453,Pair
Hand 1 Prob,20408,47.212,Pair
Hand 1 Prob,20407,46.98,Pair
Hand 1 Prob,20406,46.702,Pair
Hand 1 Prob,20405,46.449,Pair
Hand 1 Prob,20403,46.222,Pair
Hand 1 Prob,20402,45.944,Pair
Hand 1 Prob,20314,45.647,Pair
Hand 1 Prob,20313,45.433,Pair
Hand 1 Prob,20312,45.182,Pair
Hand 1 Prob,20311,44.932,Pair
Hand 1 Prob,20310,44.731,Pair
Hand 1 Prob,20309,44.502,Pair
Hand 1 Prob,20308,44.264,Pair
Hand 1 Prob,20307,44.019,Pair
Hand 1 Prob,20306,43.769,Pair
Hand 1 Prob,20305,43.518,Pair
Hand 1 Prob,20304,43.261,Pair
Hand 1 Prob,20302,43.011,Pair
Hand 1 Prob,20214,42.698,Pair
Hand 1 Prob,20213,42.444,Pair
Hand 1 Prob,20212,42.165,Pair
Hand 1 Prob,20211,41.892,Pair
Hand 1 Prob,20210,41.657,Pair
Hand 1 Prob,20209,41.429,Pair
Hand 1 Prob,20208,41.202,Pair
Hand 1 Prob,20207,40.972,Pair
Hand 1 Prob,20206,40.702,Pair
Hand 1 Prob,20205,40.441,Pair
Hand 1 Prob,20204,40.146,Pair
Hand 1 Prob,20203,39.87,Pair
Hand 1 Prob,11413,39.591,Mo
Hand 1 Prob,11412,34.144,Mo
Hand 1 Prob,11411,30.663,Mo
Hand 1 Prob,11410,28.49,Mo
Hand 1 Prob,11409,27.215,Mo
Hand 1 Prob,11408,26.435,Mo
Hand 1 Prob,11407,25.89,Mo
Hand 1 Prob,11406,25.511,Mo
Hand 1 Prob,11405,25.225,Mo
Hand 1 Prob,11404,24.963,Mo
Hand 1 Prob,11403,24.789,Mo
Hand 1 Prob,11312,24.699,Mo
Hand 1 Prob,11311,20.938,Mo
Hand 1 Prob,11310,18.612,Mo
Hand 1 Prob,11309,17.269,Mo
Hand 1 Prob,11308,16.469,Mo
Hand 1 Prob,11307,15.96,Mo
Hand 1 Prob,11306,15.599,Mo
Hand 1 Prob,11305,15.319,Mo
Hand 1 Prob,11304,15.089,Mo
Hand 1 Prob,11303,14.92,Mo
Hand 1 Prob,11211,14.807,Mo
Hand 1 Prob,11210,12.692,Mo
Hand 1 Prob,11209,11.399,Mo
Hand 1 Prob,11208,10.582,Mo
Hand 1 Prob,11207,10.104,Mo
Hand 1 Prob,11206,9.741,Mo
Hand 1 Prob,11205,9.511,Mo
Hand 1 Prob,11204,9.294,Mo
Hand 1 Prob,11203,9.146,Mo
Hand 1 Prob,11110,9.06,Mo
Hand 1 Prob,11109,7.914,Mo
Hand 1 Prob,11108,7.186,Mo
Hand 1 Prob,11107,6.678,Mo
Hand 1 Prob,11106,6.342,Mo
Hand 1 Prob,11105,6.118,Mo
Hand 1 Prob,11104,5.931,Mo
Hand 1 Prob,11103,5.807,Mo
Hand 1 Prob,11009,5.728,Mo
Hand 1 Prob,11008,5.081,Mo
Hand 1 Prob,11007,4.654,Mo
Hand 1 Prob,11006,4.335,Mo
Hand 1 Prob,11005,4.129,Mo
Hand 1 Prob,11004,3.914,Mo
Hand 1 Prob,11003,3.794,Mo
Hand 1 Prob,10908,3.736,Mo
Hand 1 Prob,10907,3.283,Mo
Hand 1 Prob,10906,2.987,Mo
Hand 1 Prob,10905,2.77,Mo
Hand 1 Prob,10904,2.578,Mo
Hand 1 Prob,10903,2.46,Mo
Hand 1 Prob,10807,2.4,Mo
Hand 1 Prob,10806,2.085,Mo
Hand 1 Prob,10805,1.859,Mo
Hand 1 Prob,10804,1.64,Mo
Hand 1 Prob,10803,1.511,Mo
Hand 1 Prob,10706,1.417,Mo
Hand 1 Prob,10705,1.171,Mo
Hand 1 Prob,10704,0.951,Mo
Hand 1 Prob,10703,0.814,Mo
Hand 1 Prob,10605,0.744,Mo
Hand 1 Prob,10604,0.535,Mo
Hand 1 Prob,10603,0.386,Mo
Hand 1 Prob,10504,0.308,Mo
Hand 1 Prob,10503,0.175,Mo
Hand 1 Prob,10403,0.082,Mo
Hand 1 Prob,0,0,Mo
Hand 2 Prob,81200,100,4K
Hand 2 Prob,81100,99.998,4K
Hand 2 Prob,81000,99.997,4K
Hand 2 Prob,80900,99.995,4K
Hand 2 Prob,80800,99.994,4K
Hand 2 Prob,80700,99.993,4K
Hand 2 Prob,80600,99.992,4K
Hand 2 Prob,80500,99.989,4K
Hand 2 Prob,80400,99.985,4K
Hand 2 Prob,80300,99.982,4K
Hand 2 Prob,80200,99.98,4K
Hand 2 Prob,71413,99.977,House
Hand 2 Prob,71411,99.974,House
Hand 2 Prob,71410,99.972,House
Hand 2 Prob,71409,99.965,House
Hand 2 Prob,71408,99.962,House
Hand 2 Prob,71406,99.957,House
Hand 2 Prob,71405,99.956,House
Hand 2 Prob,71404,99.952,House
Hand 2 Prob,71403,99.949,House
Hand 2 Prob,71402,99.947,House
Hand 2 Prob,71314,99.945,House
Hand 2 Prob,71312,99.942,House
Hand 2 Prob,71311,99.94,House
Hand 2 Prob,71310,99.937,House
Hand 2 Prob,71309,99.933,House
Hand 2 Prob,71308,99.927,House
Hand 2 Prob,71307,99.923,House
Hand 2 Prob,71306,99.919,House
Hand 2 Prob,71305,99.916,House
Hand 2 Prob,71304,99.91,House
Hand 2 Prob,71303,99.904,House
Hand 2 Prob,71302,99.896,House
Hand 2 Prob,71214,99.884,House
Hand 2 Prob,71213,99.882,House
Hand 2 Prob,71211,99.879,House
Hand 2 Prob,71210,99.877,House
Hand 2 Prob,71209,99.873,House
Hand 2 Prob,71208,99.868,House
Hand 2 Prob,71207,99.854,House
Hand 2 Prob,71206,99.844,House
Hand 2 Prob,71205,99.832,House
Hand 2 Prob,71204,99.82,House
Hand 2 Prob,71203,99.806,House
Hand 2 Prob,71202,99.798,House
Hand 2 Prob,71114,99.783,House
Hand 2 Prob,71113,99.78,House
Hand 2 Prob,71112,99.775,House
Hand 2 Prob,71110,99.77,House
Hand 2 Prob,71109,99.762,House
Hand 2 Prob,71108,99.753,House
Hand 2 Prob,71107,99.74,House
Hand 2 Prob,71106,99.725,House
Hand 2 Prob,71105,99.706,House
Hand 2 Prob,71104,99.692,House
Hand 2 Prob,71103,99.67,House
Hand 2 Prob,71102,99.651,House
Hand 2 Prob,71014,99.633,House
Hand 2 Prob,71013,99.63,House
Hand 2 Prob,71012,99.625,House
Hand 2 Prob,71011,99.621,House
Hand 2 Prob,71009,99.617,House
Hand 2 Prob,71008,99.609,House
Hand 2 Prob,71007,99.595,House
Hand 2 Prob,71006,99.584,House
Hand 2 Prob,71005,99.565,House
Hand 2 Prob,71004,99.551,House
Hand 2 Prob,71003,99.531,House
Hand 2 Prob,71002,99.501,House
Hand 2 Prob,70914,99.48,House
Hand 2 Prob,70913,99.474,House
Hand 2 Prob,70912,99.471,House
Hand 2 Prob,70911,99.469,House
Hand 2 Prob,70910,99.463,House
Hand 2 Prob,70908,99.45,House
Hand 2 Prob,70907,99.437,House
Hand 2 Prob,70906,99.427,House
Hand 2 Prob,70905,99.413,House
Hand 2 Prob,70904,99.391,House
Hand 2 Prob,70903,99.364,House
Hand 2 Prob,70902,99.34,House
Hand 2 Prob,70814,99.312,House
Hand 2 Prob,70813,99.311,House
Hand 2 Prob,70812,99.305,House
Hand 2 Prob,70811,99.3,House
Hand 2 Prob,70810,99.295,House
Hand 2 Prob,70809,99.279,House
Hand 2 Prob,70807,99.27,House
Hand 2 Prob,70806,99.253,House
Hand 2 Prob,70805,99.229,House
Hand 2 Prob,70804,99.208,House
Hand 2 Prob,70803,99.18,House
Hand 2 Prob,70802,99.148,House
Hand 2 Prob,70714,99.118,House
Hand 2 Prob,70713,99.115,House
Hand 2 Prob,70712,99.112,House
Hand 2 Prob,70711,99.107,House
Hand 2 Prob,70710,99.102,House
Hand 2 Prob,70709,99.092,House
Hand 2 Prob,70708,99.079,House
Hand 2 Prob,70706,99.057,House
Hand 2 Prob,70705,99.035,House
Hand 2 Prob,70704,99.003,House
Hand 2 Prob,70703,98.967,House
Hand 2 Prob,70702,98.924,House
Hand 2 Prob,70614,98.864,House
Hand 2 Prob,70613,98.856,House
Hand 2 Prob,70612,98.851,House
Hand 2 Prob,70611,98.845,House
Hand 2 Prob,70610,98.837,House
Hand 2 Prob,70609,98.82,House
Hand 2 Prob,70608,98.798,House
Hand 2 Prob,70607,98.775,House
Hand 2 Prob,70605,98.741,House
Hand 2 Prob,70604,98.702,House
Hand 2 Prob,70603,98.66,House
Hand 2 Prob,70602,98.631,House
Hand 2 Prob,70514,98.576,House
Hand 2 Prob,70513,98.572,House
Hand 2 Prob,70512,98.568,House
Hand 2 Prob,70511,98.563,House
Hand 2 Prob,70510,98.554,House
Hand 2 Prob,70509,98.533,House
Hand 2 Prob,70508,98.512,House
Hand 2 Prob,70507,98.484,House
Hand 2 Prob,70506,98.454,House
Hand 2 Prob,70504,98.408,House
Hand 2 Prob,70503,98.366,House
Hand 2 Prob,70502,98.309,House
Hand 2 Prob,70414,98.256,House
Hand 2 Prob,70413,98.254,House
Hand 2 Prob,70412,98.248,House
Hand 2 Prob,70411,98.24,House
Hand 2 Prob,70410,98.218,House
Hand 2 Prob,70409,98.202,House
Hand 2 Prob,70408,98.17,House
Hand 2 Prob,70407,98.135,House
Hand 2 Prob,70406,98.11,House
Hand 2 Prob,70405,98.071,House
Hand 2 Prob,70403,98.032,House
Hand 2 Prob,70402,97.974,House
Hand 2 Prob,70314,97.912,House
Hand 2 Prob,70313,97.91,House
Hand 2 Prob,70312,97.9,House
Hand 2 Prob,70311,97.889,House
Hand 2 Prob,70310,97.873,House
Hand 2 Prob,70309,97.855,House
Hand 2 Prob,70308,97.823,House
Hand 2 Prob,70307,97.793,House
Hand 2 Prob,70306,97.757,House
Hand 2 Prob,70305,97.712,House
Hand 2 Prob,70304,97.661,House
Hand 2 Prob,70302,97.605,House
Hand 2 Prob,70214,97.539,House
Hand 2 Prob,70213,97.534,House
Hand 2 Prob,70212,97.53,House
Hand 2 Prob,70211,97.524,House
Hand 2 Prob,70210,97.508,House
Hand 2 Prob,70209,97.477,House
Hand 2 Prob,70208,97.447,House
Hand 2 Prob,70207,97.418,House
Hand 2 Prob,70206,97.379,House
Hand 2 Prob,70205,97.327,House
Hand 2 Prob,70204,97.28,House
Hand 2 Prob,70203,97.227,House
Hand 2 Prob,61413,97.166,House
Hand 2 Prob,61412,96.51,House
Hand 2 Prob,61411,95.996,Flush
Hand 2 Prob,61410,95.629,Flush
Hand 2 Prob,61409,95.384,Flush
Hand 2 Prob,61408,95.198,Flush
Hand 2 Prob,61407,95.101,Flush
Hand 2 Prob,61406,95.05,Flush
Hand 2 Prob,61312,95.031,Flush
Hand 2 Prob,61311,94.278,Flush
Hand 2 Prob,61310,93.731,Flush
Hand 2 Prob,61309,93.381,Flush
Hand 2 Prob,61308,93.153,Flush
Hand 2 Prob,61307,93.02,Flush
Hand 2 Prob,61306,92.949,Flush
Hand 2 Prob,61305,92.927,Flush
Hand 2 Prob,61211,92.921,Flush
Hand 2 Prob,61210,92.302,Flush
Hand 2 Prob,61209,91.863,Flush
Hand 2 Prob,61208,91.548,Flush
Hand 2 Prob,61207,91.373,Flush
Hand 2 Prob,61206,91.288,Flush
Hand 2 Prob,61205,91.266,Flush
Hand 2 Prob,61110,91.256,Flush
Hand 2 Prob,61109,90.793,Flush
Hand 2 Prob,61108,90.501,Flush
Hand 2 Prob,61107,90.333,Flush
Hand 2 Prob,61106,90.241,Flush
Hand 2 Prob,61105,90.206,Flush
Hand 2 Prob,61009,90.195,Flush
Hand 2 Prob,61008,89.896,Flush
Hand 2 Prob,61007,89.713,Flush
Hand 2 Prob,61006,89.618,Flush
Hand 2 Prob,61005,89.58,Flush
Hand 2 Prob,60908,89.574,Flush
Hand 2 Prob,60907,89.406,Flush
Hand 2 Prob,60906,89.322,Flush
Hand 2 Prob,60905,89.291,Flush
Hand 2 Prob,60807,89.28,Flush
Hand 2 Prob,60806,89.18,Flush
Hand 2 Prob,60805,89.137,Flush
Hand 2 Prob,60706,89.126,Flush
Hand 2 Prob,60705,89.09,Flush
Hand 2 Prob,51413,89.078,Flush
Hand 2 Prob,51402,87.719,Flush
Hand 2 Prob,51312,86.565,Straight
Hand 2 Prob,51211,85.418,Straight
Hand 2 Prob,51110,84.304,Straight
Hand 2 Prob,51009,83.167,Straight
Hand 2 Prob,50908,81.871,Straight
Hand 2 Prob,50807,80.558,Straight
Hand 2 Prob,50706,79.109,Straight
Hand 2 Prob,50605,77.525,Straight
Hand 2 Prob,41400,75.755,Straight
Hand 2 Prob,41300,75.45,Straight
Hand 2 Prob,41200,75.116,Trips
Hand 2 Prob,41100,74.71,Trips
Hand 2 Prob,41000,74.27,Trips
Hand 2 Prob,40900,73.775,Trips
Hand 2 Prob,40800,73.218,Trips
Hand 2 Prob,40700,72.61,Trips
Hand 2 Prob,40600,71.937,Trips
Hand 2 Prob,40500,71.251,Trips
Hand 2 Prob,40400,70.587,Trips
Hand 2 Prob,40300,69.836,Trips
Hand 2 Prob,40200,68.995,Trips
Hand 2 Prob,31413,68.113,Trips
Hand 2 Prob,31412,68.111,Trips
Hand 2 Prob,31410,68.109,2P
Hand 2 Prob,31409,68.107,2P
Hand 2 Prob,31408,68.105,2P
Hand 2 Prob,31407,68.103,2P
Hand 2 Prob,31406,68.102,2P
Hand 2 Prob,31404,68.099,2P
Hand 2 Prob,31312,68.098,2P
Hand 2 Prob,31311,68.048,2P
Hand 2 Prob,31310,67.985,2P
Hand 2 Prob,31309,67.935,2P
Hand 2 Prob,31308,67.877,2P
Hand 2 Prob,31307,67.82,2P
Hand 2 Prob,31306,67.752,2P
Hand 2 Prob,31305,67.693,2P
Hand 2 Prob,31304,67.627,2P
Hand 2 Prob,31303,67.534,2P
Hand 2 Prob,31302,67.451,2P
Hand 2 Prob,31211,67.339,2P
Hand 2 Prob,31210,67.181,2P
Hand 2 Prob,31209,67.08,2P
Hand 2 Prob,31208,66.946,2P
Hand 2 Prob,31207,66.822,2P
Hand 2 Prob,31206,66.727,2P
Hand 2 Prob,31205,66.604,2P
Hand 2 Prob,31204,66.483,2P
Hand 2 Prob,31203,66.34,2P
Hand 2 Prob,31202,66.19,2P
Hand 2 Prob,31110,65.99,2P
Hand 2 Prob,31109,65.711,2P
Hand 2 Prob,31108,65.463,2P
Hand 2 Prob,31107,65.226,2P
Hand 2 Prob,31106,65.076,2P
Hand 2 Prob,31105,64.934,2P
Hand 2 Prob,31104,64.769,2P
Hand 2 Prob,31103,64.562,2P
Hand 2 Prob,31102,64.354,2P
Hand 2 Prob,31009,64.104,2P
Hand 2 Prob,31008,63.701,2P
Hand 2 Prob,31007,63.34,2P
Hand 2 Prob,31006,63.061,2P
Hand 2 Prob,31005,62.86,2P
Hand 2 Prob,31004,62.691,2P
Hand 2 Prob,31003,62.493,2P
Hand 2 Prob,31002,62.253,2P
Hand 2 Prob,30908,61.981,2P
Hand 2 Prob,30907,61.532,2P
Hand 2 Prob,30906,61.106,2P
Hand 2 Prob,30905,60.797,2P
Hand 2 Prob,30904,60.574,2P
Hand 2 Prob,30903,60.377,2P
Hand 2 Prob,30902,60.138,2P
Hand 2 Prob,30807,59.88,2P
Hand 2 Prob,30806,59.339,2P
Hand 2 Prob,30805,58.872,2P
Hand 2 Prob,30804,58.54,2P
Hand 2 Prob,30803,58.261,2P
Hand 2 Prob,30802,58.067,2P
Hand 2 Prob,30706,57.8,2P
Hand 2 Prob,30705,57.198,2P
Hand 2 Prob,30704,56.729,2P
Hand 2 Prob,30703,56.358,2P
Hand 2 Prob,30702,56.078,2P
Hand 2 Prob,30605,55.829,2P
Hand 2 Prob,30604,55.224,2P
Hand 2 Prob,30603,54.72,2P
Hand 2 Prob,30602,54.357,2P
Hand 2 Prob,30504,54.064,2P
Hand 2 Prob,30503,53.436,2P
Hand 2 Prob,30502,52.942,2P
Hand 2 Prob,30403,52.614,2P
Hand 2 Prob,30402,52.065,2P
Hand 2 Prob,30302,51.667,Pair
Hand 2 Prob,21413,51.107,Pair
Hand 2 Prob,21412,48.552,Pair
Hand 2 Prob,21411,46.614,Pair
Hand 2 Prob,21410,45.114,Pair
Hand 2 Prob,21409,43.977,Pair
Hand 2 Prob,21408,42.956,Pair
Hand 2 Prob,21407,42.133,Pair
Hand 2 Prob,21406,41.464,Pair
Hand 2 Prob,21405,40.899,Pair
Hand 2 Prob,21404,40.538,Pair
Hand 2 Prob,21314,40.388,Pair
Hand 2 Prob,21312,38.203,Pair
Hand 2 Prob,21311,36.687,Pair
Hand 2 Prob,21310,35.556,Pair
Hand 2 Prob,21309,34.734,Pair
Hand 2 Prob,21308,33.923,Pair
Hand 2 Prob,21307,33.15,Pair
Hand 2 Prob,21306,32.476,Pair
Hand 2 Prob,21305,31.94,Pair
Hand 2 Prob,21304,31.605,Pair
Hand 2 Prob,21214,31.438,Pair
Hand 2 Prob,21213,29.851,Pair
Hand 2 Prob,21211,28.498,Pair
Hand 2 Prob,21210,27.777,Pair
Hand 2 Prob,21209,27.193,Pair
Hand 2 Prob,21208,26.633,Pair
Hand 2 Prob,21207,26.018,Pair
Hand 2 Prob,21206,25.438,Pair
Hand 2 Prob,21205,24.946,Pair
Hand 2 Prob,21204,24.659,Pair
Hand 2 Prob,21114,24.511,Pair
Hand 2 Prob,21113,23.452,Pair
Hand 2 Prob,21112,22.482,Pair
Hand 2 Prob,21110,21.762,Pair
Hand 2 Prob,21109,21.384,Pair
Hand 2 Prob,21108,20.988,Pair
Hand 2 Prob,21107,20.477,Pair
Hand 2 Prob,21106,20.018,Pair
Hand 2 Prob,21105,19.613,Pair
Hand 2 Prob,21104,19.351,Pair
Hand 2 Prob,21014,19.232,Pair
Hand 2 Prob,21013,18.445,Pair
Hand 2 Prob,21012,17.722,Pair
Hand 2 Prob,21011,17.214,Pair
Hand 2 Prob,21009,16.891,Pair
Hand 2 Prob,21008,16.592,Pair
Hand 2 Prob,21007,16.21,Pair
Hand 2 Prob,21006,15.807,Pair
Hand 2 Prob,21005,15.465,Pair
Hand 2 Prob,21004,15.256,Pair
Hand 2 Prob,20914,15.163,Pair
Hand 2 Prob,20913,14.623,Pair
Hand 2 Prob,20912,14.042,Pair
Hand 2 Prob,20911,13.582,Pair
Hand 2 Prob,20910,13.256,Pair
Hand 2 Prob,20908,12.943,Pair
Hand 2 Prob,20907,12.6,Pair
Hand 2 Prob,20906,12.241,Pair
Hand 2 Prob,20905,11.967,Pair
Hand 2 Prob,20904,11.789,Pair
Hand 2 Prob,20814,11.698,Pair
Hand 2 Prob,20813,11.287,Pair
Hand 2 Prob,20812,10.929,Pair
Hand 2 Prob,20811,10.61,Pair
Hand 2 Prob,20810,10.342,Pair
Hand 2 Prob,20809,10.07,Pair
Hand 2 Prob,20807,9.746,Pair
Hand 2 Prob,20806,9.469,Pair
Hand 2 Prob,20805,9.233,Pair
Hand 2 Prob,20804,9.068,Pair
Hand 2 Prob,20714,8.977,Pair
Hand 2 Prob,20713,8.665,Pair
Hand 2 Prob,20712,8.384,Pair
Hand 2 Prob,20711,8.159,Pair
Hand 2 Prob,20710,7.944,Pair
Hand 2 Prob,20709,7.725,Pair
Hand 2 Prob,20708,7.449,Pair
Hand 2 Prob,20706,7.19,Pair
Hand 2 Prob,20705,7.007,Pair
Hand 2 Prob,20704,6.908,Pair
Hand 2 Prob,20614,6.846,Pair
Hand 2 Prob,20613,6.601,Pair
Hand 2 Prob,20612,6.384,Pair
Hand 2 Prob,20611,6.237,Pair
Hand 2 Prob,20610,6.088,Pair
Hand 2 Prob,20609,5.922,Pair
Hand 2 Prob,20608,5.692,Pair
Hand 2 Prob,20607,5.49,Pair
Hand 2 Prob,20605,5.338,Pair
Hand 2 Prob,20604,5.262,Pair
Hand 2 Prob,20514,5.227,Pair
Hand 2 Prob,20513,5.067,Pair
Hand 2 Prob,20512,4.925,Pair
Hand 2 Prob,20511,4.805,Pair
Hand 2 Prob,20510,4.703,Pair
Hand 2 Prob,20509,4.574,Pair
Hand 2 Prob,20508,4.411,Pair
Hand 2 Prob,20507,4.234,Pair
Hand 2 Prob,20506,4.087,Pair
Hand 2 Prob,20504,3.981,Pair
Hand 2 Prob,20414,3.963,Pair
Hand 2 Prob,20413,3.841,Pair
Hand 2 Prob,20412,3.705,Pair
Hand 2 Prob,20411,3.63,Pair
Hand 2 Prob,20410,3.558,Pair
Hand 2 Prob,20409,3.449,Pair
Hand 2 Prob,20408,3.31,Pair
Hand 2 Prob,20407,3.16,Pair
Hand 2 Prob,20406,3.023,Pair
Hand 2 Prob,20405,2.946,Pair
Hand 2 Prob,20314,2.926,Pair
Hand 2 Prob,20313,2.875,Pair
Hand 2 Prob,20312,2.818,Pair
Hand 2 Prob,20311,2.776,Pair
Hand 2 Prob,20310,2.711,Pair
Hand 2 Prob,20309,2.639,Pair
Hand 2 Prob,20308,2.542,Pair
Hand 2 Prob,20307,2.44,Pair
Hand 2 Prob,20306,2.313,Pair
Hand 2 Prob,20305,2.211,Pair
Hand 2 Prob,20214,2.195,Pair
Hand 2 Prob,20213,2.193,Pair
Hand 2 Prob,20212,2.192,Pair
Hand 2 Prob,20211,2.19,Pair
Hand 2 Prob,20210,2.164,Pair
Hand 2 Prob,20209,2.119,Pair
Hand 2 Prob,20208,2.049,Pair
Hand 2 Prob,20207,1.97,Pair
Hand 2 Prob,20206,1.892,Pair
Hand 2 Prob,20205,1.789,Mo
Hand 2 Prob,11413,1.778,Mo
Hand 2 Prob,11412,1.776,Mo
Hand 2 Prob,11411,1.773,Mo
Hand 2 Prob,11410,1.77,Mo
Hand 2 Prob,11409,1.769,Mo
Hand 2 Prob,11408,1.48,Mo
Hand 2 Prob,11407,1.135,Mo
Hand 2 Prob,11406,0.802,Mo
Hand 2 Prob,11312,0.585,Mo
Hand 2 Prob,11311,0.583,Mo
Hand 2 Prob,11309,0.581,Mo
Hand 2 Prob,11308,0.578,Mo
Hand 2 Prob,11307,0.442,Mo
Hand 2 Prob,11306,0.261,Mo
Hand 2 Prob,11305,0.146,Mo
Hand 2 Prob,11211,0.115,Mo
Hand 2 Prob,11210,0.114,Mo
Hand 2 Prob,11207,0.113,Mo
Hand 2 Prob,11206,0.073,Mo
Hand 2 Prob,11205,0.03,Mo
Hand 2 Prob,11110,0.021,Mo
Hand 2 Prob,11108,0.02,Mo
Hand 2 Prob,11106,0.019,Mo
Hand 2 Prob,11105,0.008,SF
Hand 2 Prob,11006,0.004,SF
Hand 2 Prob,11005,0.003,SF
Hand 2 Prob,10908,0.001,SF
Hand 2 Prob,0,0,SF
Hand 3 Prob,91400,100,SF
Hand 3 Prob,91300,99.645,SF
Hand 3 Prob,91200,99.478,SF
Hand 3 Prob,91100,99.314,SF
Hand 3 Prob,91000,99.178,4K
Hand 3 Prob,90900,98.991,4K
Hand 3 Prob,90800,98.83,4K
Hand 3 Prob,90700,98.665,4K
Hand 3 Prob,90600,98.509,4K
Hand 3 Prob,81400,98.355,4K
Hand 3 Prob,81300,98.09,4K
Hand 3 Prob,81200,97.84,4K
Hand 3 Prob,81100,97.566,4K
Hand 3 Prob,81000,97.318,4K
Hand 3 Prob,80900,97.061,4K
Hand 3 Prob,80800,96.81,4K
Hand 3 Prob,80700,96.57,4K
Hand 3 Prob,80600,96.312,House
Hand 3 Prob,80500,96.07,House
Hand 3 Prob,80400,95.827,House
Hand 3 Prob,80300,95.564,House
Hand 3 Prob,80200,95.289,House
Hand 3 Prob,71413,95.024,House
Hand 3 Prob,71412,94.897,House
Hand 3 Prob,71411,94.761,House
Hand 3 Prob,71410,94.592,House
Hand 3 Prob,71409,94.408,House
Hand 3 Prob,71408,94.241,House
Hand 3 Prob,71407,94.044,House
Hand 3 Prob,71406,93.817,House
Hand 3 Prob,71405,93.563,House
Hand 3 Prob,71404,93.307,House
Hand 3 Prob,71403,93.004,House
Hand 3 Prob,71402,92.672,House
Hand 3 Prob,71314,92.295,House
Hand 3 Prob,71312,92.161,House
Hand 3 Prob,71311,92.009,House
Hand 3 Prob,71310,91.848,House
Hand 3 Prob,71309,91.664,House
Hand 3 Prob,71308,91.47,House
Hand 3 Prob,71307,91.266,House
Hand 3 Prob,71306,91.04,House
Hand 3 Prob,71305,90.782,House
Hand 3 Prob,71304,90.518,House
Hand 3 Prob,71303,90.192,House
Hand 3 Prob,71302,89.867,House
Hand 3 Prob,71214,89.454,House
Hand 3 Prob,71213,89.322,House
Hand 3 Prob,71211,89.196,House
Hand 3 Prob,71210,89.044,House
Hand 3 Prob,71209,88.888,House
Hand 3 Prob,71208,88.707,House
Hand 3 Prob,71207,88.517,House
Hand 3 Prob,71206,88.292,House
Hand 3 Prob,71205,88.039,House
Hand 3 Prob,71204,87.789,House
Hand 3 Prob,71203,87.485,House
Hand 3 Prob,71202,87.142,House
Hand 3 Prob,71114,86.735,House
Hand 3 Prob,71113,86.628,House
Hand 3 Prob,71112,86.508,House
Hand 3 Prob,71110,86.352,House
Hand 3 Prob,71109,86.17,House
Hand 3 Prob,71108,86.002,House
Hand 3 Prob,71107,85.82,House
Hand 3 Prob,71106,85.613,House
Hand 3 Prob,71105,85.391,House
Hand 3 Prob,71104,85.121,House
Hand 3 Prob,71103,84.843,House
Hand 3 Prob,71102,84.481,House
Hand 3 Prob,71014,84.093,House
Hand 3 Prob,71013,83.997,House
Hand 3 Prob,71012,83.878,House
Hand 3 Prob,71011,83.729,House
Hand 3 Prob,71009,83.563,House
Hand 3 Prob,71008,83.345,House
Hand 3 Prob,71007,83.167,House
Hand 3 Prob,71006,82.962,House
Hand 3 Prob,71005,82.751,House
Hand 3 Prob,71004,82.5,House
Hand 3 Prob,71003,82.219,House
Hand 3 Prob,71002,81.924,House
Hand 3 Prob,70914,81.542,House
Hand 3 Prob,70913,81.455,House
Hand 3 Prob,70912,81.353,House
Hand 3 Prob,70911,81.232,House
Hand 3 Prob,70910,81.09,House
Hand 3 Prob,70908,80.93,House
Hand 3 Prob,70907,80.715,House
Hand 3 Prob,70906,80.485,House
Hand 3 Prob,70905,80.246,House
Hand 3 Prob,70904,79.976,House
Hand 3 Prob,70903,79.683,House
Hand 3 Prob,70902,79.337,House
Hand 3 Prob,70814,78.943,House
Hand 3 Prob,70813,78.869,House
Hand 3 Prob,70812,78.785,House
Hand 3 Prob,70811,78.678,House
Hand 3 Prob,70810,78.545,House
Hand 3 Prob,70809,78.391,House
Hand 3 Prob,70807,78.171,House
Hand 3 Prob,70806,77.94,House
Hand 3 Prob,70805,77.686,House
Hand 3 Prob,70804,77.401,House
Hand 3 Prob,70803,77.11,House
Hand 3 Prob,70802,76.802,House
Hand 3 Prob,70714,76.417,House
Hand 3 Prob,70713,76.334,House
Hand 3 Prob,70712,76.259,House
Hand 3 Prob,70711,76.166,House
Hand 3 Prob,70710,76.05,House
Hand 3 Prob,70709,75.915,House
Hand 3 Prob,70708,75.738,House
Hand 3 Prob,70706,75.487,House
Hand 3 Prob,70705,75.229,House
Hand 3 Prob,70704,74.945,House
Hand 3 Prob,70703,74.66,House
Hand 3 Prob,70702,74.345,House
Hand 3 Prob,70614,74.019,House
Hand 3 Prob,70613,73.956,House
Hand 3 Prob,70612,73.892,House
Hand 3 Prob,70611,73.823,House
Hand 3 Prob,70610,73.74,House
Hand 3 Prob,70609,73.626,House
Hand 3 Prob,70608,73.484,House
Hand 3 Prob,70607,73.31,House
Hand 3 Prob,70605,73.083,House
Hand 3 Prob,70604,72.798,House
Hand 3 Prob,70603,72.534,House
Hand 3 Prob,70602,72.2,House
Hand 3 Prob,70514,71.859,House
Hand 3 Prob,70513,71.802,House
Hand 3 Prob,70512,71.747,House
Hand 3 Prob,70511,71.689,House
Hand 3 Prob,70510,71.613,House
Hand 3 Prob,70509,71.506,House
Hand 3 Prob,70508,71.362,House
Hand 3 Prob,70507,71.203,House
Hand 3 Prob,70506,70.97,House
Hand 3 Prob,70504,70.714,House
Hand 3 Prob,70503,70.377,House
Hand 3 Prob,70502,70.051,House
Hand 3 Prob,70414,69.687,House
Hand 3 Prob,70413,69.636,House
Hand 3 Prob,70412,69.59,House
Hand 3 Prob,70411,69.52,House
Hand 3 Prob,70410,69.431,House
Hand 3 Prob,70409,69.347,House
Hand 3 Prob,70408,69.216,House
Hand 3 Prob,70407,69.056,House
Hand 3 Prob,70406,68.846,House
Hand 3 Prob,70405,68.58,House
Hand 3 Prob,70403,68.262,House
Hand 3 Prob,70402,67.933,House
Hand 3 Prob,70314,67.566,House
Hand 3 Prob,70313,67.504,House
Hand 3 Prob,70312,67.446,House
Hand 3 Prob,70311,67.397,House
Hand 3 Prob,70310,67.303,House
Hand 3 Prob,70309,67.198,House
Hand 3 Prob,70308,67.081,House
Hand 3 Prob,70307,66.908,House
Hand 3 Prob,70306,66.721,House
Hand 3 Prob,70305,66.507,House
Hand 3 Prob,70304,66.247,House
Hand 3 Prob,70302,65.951,House
Hand 3 Prob,70214,65.545,House
Hand 3 Prob,70213,65.492,House
Hand 3 Prob,70212,65.436,House
Hand 3 Prob,70211,65.352,House
Hand 3 Prob,70210,65.257,House
Hand 3 Prob,70209,65.141,House
Hand 3 Prob,70208,65.001,House
Hand 3 Prob,70207,64.843,Flush
Hand 3 Prob,70206,64.651,Flush
Hand 3 Prob,70205,64.415,Flush
Hand 3 Prob,70204,64.117,Flush
Hand 3 Prob,70203,63.804,Flush
Hand 3 Prob,61413,63.424,Flush
Hand 3 Prob,61412,59.843,Flush
Hand 3 Prob,61411,57.299,Flush
Hand 3 Prob,61410,55.461,Flush
Hand 3 Prob,61409,54.2,Flush
Hand 3 Prob,61408,53.392,Flush
Hand 3 Prob,61407,52.925,Flush
Hand 3 Prob,61406,52.671,Flush
Hand 3 Prob,61312,52.586,Flush
Hand 3 Prob,61311,50.256,Flush
Hand 3 Prob,61310,48.574,Flush
Hand 3 Prob,61309,47.439,Flush
Hand 3 Prob,61308,46.68,Flush
Hand 3 Prob,61307,46.235,Flush
Hand 3 Prob,61306,45.991,Flush
Hand 3 Prob,61305,45.897,Flush
Hand 3 Prob,61211,45.88,Flush
Hand 3 Prob,61210,44.341,Flush
Hand 3 Prob,61209,43.3,Flush
Hand 3 Prob,61208,42.581,Flush
Hand 3 Prob,61207,42.159,Flush
Hand 3 Prob,61206,41.939,Flush
Hand 3 Prob,61205,41.85,Flush
Hand 3 Prob,61110,41.832,Flush
Hand 3 Prob,61109,40.879,Flush
Hand 3 Prob,61108,40.217,Flush
Hand 3 Prob,61107,39.812,Flush
Hand 3 Prob,61106,39.575,Flush
Hand 3 Prob,61105,39.496,Flush
Hand 3 Prob,61009,39.471,Flush
Hand 3 Prob,61008,38.828,Flush
Hand 3 Prob,61007,38.464,Flush
Hand 3 Prob,61006,38.246,Flush
Hand 3 Prob,61005,38.178,Flush
Hand 3 Prob,60908,38.164,Flush
Hand 3 Prob,60907,37.785,Flush
Hand 3 Prob,60906,37.566,Flush
Hand 3 Prob,60905,37.477,Flush
Hand 3 Prob,60807,37.456,Straight
Hand 3 Prob,60806,37.267,Straight
Hand 3 Prob,60805,37.164,Straight
Hand 3 Prob,60706,37.148,Straight
Hand 3 Prob,60705,37.069,Straight
Hand 3 Prob,51413,37.057,Straight
Hand 3 Prob,51402,34.148,Straight
Hand 3 Prob,51312,30.244,Straight
Hand 3 Prob,51211,28.24,Straight
Hand 3 Prob,51110,26.077,Straight
Hand 3 Prob,51009,23.952,Trips
Hand 3 Prob,50908,21.993,Trips
Hand 3 Prob,50807,20.13,Trips
Hand 3 Prob,50706,18.389,Trips
Hand 3 Prob,50605,16.641,Trips
Hand 3 Prob,41400,15.011,Trips
Hand 3 Prob,41300,14.924,Trips
Hand 3 Prob,41200,14.841,Trips
Hand 3 Prob,41100,14.785,Trips
Hand 3 Prob,41000,14.717,Trips
Hand 3 Prob,40900,14.65,Trips
Hand 3 Prob,40800,14.588,Trips
Hand 3 Prob,40700,14.511,2P
Hand 3 Prob,40600,14.413,2P
Hand 3 Prob,40500,14.284,2P
Hand 3 Prob,40400,14.127,2P
Hand 3 Prob,40300,13.951,2P
Hand 3 Prob,31310,13.739,2P
Hand 3 Prob,31309,13.738,2P
Hand 3 Prob,31308,13.73,2P
Hand 3 Prob,31307,13.713,2P
Hand 3 Prob,31306,13.674,2P
Hand 3 Prob,31305,13.622,2P
Hand 3 Prob,31304,13.544,2P
Hand 3 Prob,31303,13.434,2P
Hand 3 Prob,31302,13.313,2P
Hand 3 Prob,31211,13.147,2P
Hand 3 Prob,31210,13.133,2P
Hand 3 Prob,31209,13.127,2P
Hand 3 Prob,31208,13.111,2P
Hand 3 Prob,31207,13.07,2P
Hand 3 Prob,31206,13.003,2P
Hand 3 Prob,31205,12.922,2P
Hand 3 Prob,31204,12.793,2P
Hand 3 Prob,31203,12.641,2P
Hand 3 Prob,31202,12.416,2P
Hand 3 Prob,31110,12.16,2P
Hand 3 Prob,31109,12.128,2P
Hand 3 Prob,31108,12.093,2P
Hand 3 Prob,31107,12.04,2P
Hand 3 Prob,31106,11.976,2P
Hand 3 Prob,31105,11.859,2P
Hand 3 Prob,31104,11.688,2P
Hand 3 Prob,31103,11.507,2P
Hand 3 Prob,31102,11.238,2P
Hand 3 Prob,31009,10.887,2P
Hand 3 Prob,31008,10.823,2P
Hand 3 Prob,31007,10.753,2P
Hand 3 Prob,31006,10.675,2P
Hand 3 Prob,31005,10.561,2P
Hand 3 Prob,31004,10.375,2P
Hand 3 Prob,31003,10.146,2P
Hand 3 Prob,31002,9.845,2P
Hand 3 Prob,30908,9.463,2P
Hand 3 Prob,30907,9.364,2P
Hand 3 Prob,30906,9.259,2P
Hand 3 Prob,30905,9.128,2P
Hand 3 Prob,30904,8.95,2P
Hand 3 Prob,30903,8.689,2P
Hand 3 Prob,30902,8.396,2P
Hand 3 Prob,30807,8.042,2P
Hand 3 Prob,30806,7.891,2P
Hand 3 Prob,30805,7.736,2P
Hand 3 Prob,30804,7.563,2P
Hand 3 Prob,30803,7.347,2P
Hand 3 Prob,30802,7.023,2P
Hand 3 Prob,30706,6.628,2P
Hand 3 Prob,30705,6.416,2P
Hand 3 Prob,30704,6.23,2P
Hand 3 Prob,30703,6.019,2P
Hand 3 Prob,30702,5.695,2P
Hand 3 Prob,30605,5.292,2P
Hand 3 Prob,30604,5.041,2P
Hand 3 Prob,30603,4.77,2P
Hand 3 Prob,30602,4.491,2P
Hand 3 Prob,30504,4.107,2P
Hand 3 Prob,30503,3.79,2P
Hand 3 Prob,30502,3.479,2P
Hand 3 Prob,30403,3.123,Pair
Hand 3 Prob,30402,2.708,Pair
Hand 3 Prob,30302,2.288,Pair
Hand 3 Prob,21413,1.775,Pair
Hand 3 Prob,21412,1.668,Pair
Hand 3 Prob,21411,1.58,Pair
Hand 3 Prob,21410,1.506,Pair
Hand 3 Prob,21409,1.46,Pair
Hand 3 Prob,21408,1.42,Pair
Hand 3 Prob,21407,1.397,Pair
Hand 3 Prob,21406,1.372,Pair
Hand 3 Prob,21405,1.358,Pair
Hand 3 Prob,21404,1.356,Pair
Hand 3 Prob,21314,1.355,Pair
Hand 3 Prob,21312,1.24,Pair
Hand 3 Prob,21311,1.178,Pair
Hand 3 Prob,21310,1.125,Pair
Hand 3 Prob,21309,1.08,Pair
Hand 3 Prob,21308,1.047,Pair
Hand 3 Prob,21307,1.018,Pair
Hand 3 Prob,21306,0.994,Pair
Hand 3 Prob,21305,0.984,Pair
Hand 3 Prob,21214,0.983,Pair
Hand 3 Prob,21213,0.882,Pair
Hand 3 Prob,21211,0.801,Pair
Hand 3 Prob,21210,0.764,Pair
Hand 3 Prob,21209,0.74,Pair
Hand 3 Prob,21208,0.714,Pair
Hand 3 Prob,21207,0.699,Pair
Hand 3 Prob,21206,0.691,Pair
Hand 3 Prob,21205,0.684,Pair
Hand 3 Prob,21204,0.681,Pair
Hand 3 Prob,21114,0.68,Pair
Hand 3 Prob,21113,0.598,Pair
Hand 3 Prob,21112,0.551,Pair
Hand 3 Prob,21110,0.503,Pair
Hand 3 Prob,21109,0.494,Pair
Hand 3 Prob,21108,0.477,Pair
Hand 3 Prob,21107,0.459,Pair
Hand 3 Prob,21106,0.452,Pair
Hand 3 Prob,21105,0.444,Pair
Hand 3 Prob,21104,0.442,Pair
Hand 3 Prob,21014,0.44,Pair
Hand 3 Prob,21013,0.398,Pair
Hand 3 Prob,21012,0.367,Pair
Hand 3 Prob,21011,0.336,Pair
Hand 3 Prob,21009,0.311,Pair
Hand 3 Prob,21008,0.305,Pair
Hand 3 Prob,21007,0.301,Pair
Hand 3 Prob,21006,0.297,Pair
Hand 3 Prob,21004,0.294,Pair
Hand 3 Prob,20914,0.292,Pair
Hand 3 Prob,20913,0.258,Pair
Hand 3 Prob,20912,0.227,Pair
Hand 3 Prob,20911,0.21,Pair
Hand 3 Prob,20910,0.204,Pair
Hand 3 Prob,20908,0.201,Pair
Hand 3 Prob,20907,0.197,Pair
Hand 3 Prob,20906,0.193,Pair
Hand 3 Prob,20905,0.191,Pair
Hand 3 Prob,20904,0.188,Pair
Hand 3 Prob,20814,0.187,Pair
Hand 3 Prob,20813,0.167,Pair
Hand 3 Prob,20812,0.146,Pair
Hand 3 Prob,20811,0.134,Pair
Hand 3 Prob,20810,0.129,Pair
Hand 3 Prob,20809,0.12,Pair
Hand 3 Prob,20806,0.118,Pair
Hand 3 Prob,20714,0.117,Pair
Hand 3 Prob,20713,0.104,Pair
Hand 3 Prob,20712,0.088,Pair
Hand 3 Prob,20711,0.084,Pair
Hand 3 Prob,20710,0.079,Pair
Hand 3 Prob,20709,0.076,Pair
Hand 3 Prob,20708,0.073,Pair
Hand 3 Prob,20614,0.072,Pair
Hand 3 Prob,20613,0.061,Pair
Hand 3 Prob,20612,0.056,Pair
Hand 3 Prob,20611,0.047,Pair
Hand 3 Prob,20610,0.041,Pair
Hand 3 Prob,20609,0.038,Pair
Hand 3 Prob,20608,0.035,Pair
Hand 3 Prob,20607,0.034,Pair
Hand 3 Prob,20514,0.033,Pair
Hand 3 Prob,20513,0.025,Pair
Hand 3 Prob,20512,0.02,Pair
Hand 3 Prob,20511,0.014,Pair
Hand 3 Prob,20510,0.006,Pair
Hand 3 Prob,20508,0.005,Pair
Hand 3 Prob,20414,0.004,Pair
Hand 3 Prob,20413,0.003,Pair
Hand 3 Prob,20411,0.001,Pair
Hand 3 Prob,0,0,Mo
